Sentence,Translation,Cloze,Pronunciation,Note,KeyMeaning,Conjugations
そのアプローチに同意します。,I agree with that approach.,同意,そのアプローチに同意【どうい】します。,Communication - Agreement,agree,"<details class=""conjugation-section""><summary>Conjugations for 同意 (する動詞)</summary><table class=""conjugation-table""><tr><th colspan=""2"">Basic Forms</th></tr><tr><td>Dictionary 辞書形</td><td>同意する</td></tr><tr><td>Polite ます形</td><td>同意します</td></tr><tr><td>Negative ない形</td><td>同意しない</td></tr><tr><td>Te-form て形</td><td>同意して</td></tr><tr><td>Past た形</td><td>同意した</td></tr><tr><th colspan=""2"">Advanced Forms</th></tr><tr><td>Potential 可能形</td><td>同意できる</td></tr><tr><td>Passive 受身形</td><td>同意される</td></tr><tr><td>Causative 使役形</td><td>同意させる</td></tr><tr><td>Caus-Pass 使役受身</td><td>同意させられる</td></tr><tr><td>Conditional 仮定形</td><td>同意すれば</td></tr><tr><td>Conditional たら形</td><td>同意したら</td></tr><tr><td>Volitional 意向形</td><td>同意しよう</td></tr><tr><td>Imperative 命令形</td><td>同意しろ</td></tr><tr><td>Want to たい形</td><td>同意したい</td></tr><tr><td>Should べき形</td><td>同意すべき</td></tr><tr><th colspan=""2"">Keigo 敬語</th></tr><tr><td>Respectful 尊敬語</td><td>同意なさる</td></tr><tr><td>Humble 謙譲語</td><td>同意いたす</td></tr></table></details>"
丁重に異議を唱えます。,I respectfully disagree.,異議,丁重【ていちょう】に異議【いぎ】を唱【とな】えます。,Communication - Disagreement,objection,
まず、これを試すことを提案します。,I suggest we try this first.,提案,まず、これを試【ため】すことを提案【ていあん】します。,Communication - Suggestion,propose,"<details class=""conjugation-section""><summary>Conjugations for 提案 (する動詞)</summary><table class=""conjugation-table""><tr><th colspan=""2"">Basic Forms</th></tr><tr><td>Dictionary 辞書形</td><td>提案する</td></tr><tr><td>Polite ます形</td><td>提案します</td></tr><tr><td>Negative ない形</td><td>提案しない</td></tr><tr><td>Te-form て形</td><td>提案して</td></tr><tr><td>Past た形</td><td>提案した</td></tr><tr><th colspan=""2"">Advanced Forms</th></tr><tr><td>Potential 可能形</td><td>提案できる</td></tr><tr><td>Passive 受身形</td><td>提案される</td></tr><tr><td>Causative 使役形</td><td>提案させる</td></tr><tr><td>Caus-Pass 使役受身</td><td>提案させられる</td></tr><tr><td>Conditional 仮定形</td><td>提案すれば</td></tr><tr><td>Conditional たら形</td><td>提案したら</td></tr><tr><td>Volitional 意向形</td><td>提案しよう</td></tr><tr><td>Imperative 命令形</td><td>提案しろ</td></tr><tr><td>Want to たい形</td><td>提案したい</td></tr><tr><td>Should べき形</td><td>提案すべき</td></tr><tr><th colspan=""2"">Keigo 敬語</th></tr><tr><td>Respectful 尊敬語</td><td>提案なさる</td></tr><tr><td>Humble 謙譲語</td><td>提案いたす</td></tr></table></details>"
TypeScriptの使用を推奨します。,I recommend using TypeScript.,推奨,TypeScriptの使用【しよう】を推奨【すいしょう】します。,Communication - Recommendation,recommended,"<details class=""conjugation-section""><summary>Conjugations for 推奨 (する動詞)</summary><table class=""conjugation-table""><tr><th colspan=""2"">Basic Forms</th></tr><tr><td>Dictionary 辞書形</td><td>推奨する</td></tr><tr><td>Polite ます形</td><td>推奨します</td></tr><tr><td>Negative ない形</td><td>推奨しない</td></tr><tr><td>Te-form て形</td><td>推奨して</td></tr><tr><td>Past た形</td><td>推奨した</td></tr><tr><th colspan=""2"">Advanced Forms</th></tr><tr><td>Potential 可能形</td><td>推奨できる</td></tr><tr><td>Passive 受身形</td><td>推奨される</td></tr><tr><td>Causative 使役形</td><td>推奨させる</td></tr><tr><td>Caus-Pass 使役受身</td><td>推奨させられる</td></tr><tr><td>Conditional 仮定形</td><td>推奨すれば</td></tr><tr><td>Conditional たら形</td><td>推奨したら</td></tr><tr><td>Volitional 意向形</td><td>推奨しよう</td></tr><tr><td>Imperative 命令形</td><td>推奨しろ</td></tr><tr><td>Want to たい形</td><td>推奨したい</td></tr><tr><td>Should べき形</td><td>推奨すべき</td></tr><tr><th colspan=""2"">Keigo 敬語</th></tr><tr><td>Respectful 尊敬語</td><td>推奨なさる</td></tr><tr><td>Humble 謙譲語</td><td>推奨いたす</td></tr></table></details>"
別の解決策を提案します。,I propose a different solution.,提案,別【べつ】の解決策【かいけつさく】を提案【ていあん】します。,Communication - Proposal,propose,"<details class=""conjugation-section""><summary>Conjugations for 提案 (する動詞)</summary><table class=""conjugation-table""><tr><th colspan=""2"">Basic Forms</th></tr><tr><td>Dictionary 辞書形</td><td>提案する</td></tr><tr><td>Polite ます形</td><td>提案します</td></tr><tr><td>Negative ない形</td><td>提案しない</td></tr><tr><td>Te-form て形</td><td>提案して</td></tr><tr><td>Past た形</td><td>提案した</td></tr><tr><th colspan=""2"">Advanced Forms</th></tr><tr><td>Potential 可能形</td><td>提案できる</td></tr><tr><td>Passive 受身形</td><td>提案される</td></tr><tr><td>Causative 使役形</td><td>提案させる</td></tr><tr><td>Caus-Pass 使役受身</td><td>提案させられる</td></tr><tr><td>Conditional 仮定形</td><td>提案すれば</td></tr><tr><td>Conditional たら形</td><td>提案したら</td></tr><tr><td>Volitional 意向形</td><td>提案しよう</td></tr><tr><td>Imperative 命令形</td><td>提案しろ</td></tr><tr><td>Want to たい形</td><td>提案したい</td></tr><tr><td>Should べき形</td><td>提案すべき</td></tr><tr><th colspan=""2"">Keigo 敬語</th></tr><tr><td>Respectful 尊敬語</td><td>提案なさる</td></tr><tr><td>Humble 謙譲語</td><td>提案いたす</td></tr></table></details>"
これについてどう思いますか？,What's your opinion on this?,意見,これについてどう思【おも】いますか？,Communication - Opinion,opinion,"<details class=""conjugation-section""><summary>Conjugations for 意見 (する動詞)</summary><table class=""conjugation-table""><tr><th colspan=""2"">Basic Forms</th></tr><tr><td>Dictionary 辞書形</td><td>意見する</td></tr><tr><td>Polite ます形</td><td>意見します</td></tr><tr><td>Negative ない形</td><td>意見しない</td></tr><tr><td>Te-form て形</td><td>意見して</td></tr><tr><td>Past た形</td><td>意見した</td></tr><tr><th colspan=""2"">Advanced Forms</th></tr><tr><td>Potential 可能形</td><td>意見できる</td></tr><tr><td>Passive 受身形</td><td>意見される</td></tr><tr><td>Causative 使役形</td><td>意見させる</td></tr><tr><td>Caus-Pass 使役受身</td><td>意見させられる</td></tr><tr><td>Conditional 仮定形</td><td>意見すれば</td></tr><tr><td>Conditional たら形</td><td>意見したら</td></tr><tr><td>Volitional 意向形</td><td>意見しよう</td></tr><tr><td>Imperative 命令形</td><td>意見しろ</td></tr><tr><td>Want to たい形</td><td>意見したい</td></tr><tr><td>Should べき形</td><td>意見すべき</td></tr><tr><th colspan=""2"">Keigo 敬語</th></tr><tr><td>Respectful 尊敬語</td><td>意見なさる</td></tr><tr><td>Humble 謙譲語</td><td>意見いたす</td></tr></table></details>"
このアプローチについて何か考えはありますか？,Any thoughts on this approach?,考え,このアプローチについて何【なに】か考【かんが】えはありますか？,Communication - Opinion,thought,
フィードバックに感謝します。,I appreciate your feedback.,フィードバック,フィードバックに感謝【かんしゃ】します。,Communication - Feedback,feedback,"<details class=""conjugation-section""><summary>Conjugations for フィードバック (する動詞)</summary><table class=""conjugation-table""><tr><th colspan=""2"">Basic Forms</th></tr><tr><td>Dictionary 辞書形</td><td>フィードバックする</td></tr><tr><td>Polite ます形</td><td>フィードバックします</td></tr><tr><td>Negative ない形</td><td>フィードバックしない</td></tr><tr><td>Te-form て形</td><td>フィードバックして</td></tr><tr><td>Past た形</td><td>フィードバックした</td></tr><tr><th colspan=""2"">Advanced Forms</th></tr><tr><td>Potential 可能形</td><td>フィードバックできる</td></tr><tr><td>Passive 受身形</td><td>フィードバックされる</td></tr><tr><td>Causative 使役形</td><td>フィードバックさせる</td></tr><tr><td>Caus-Pass 使役受身</td><td>フィードバックさせられる</td></tr><tr><td>Conditional 仮定形</td><td>フィードバックすれば</td></tr><tr><td>Conditional たら形</td><td>フィードバックしたら</td></tr><tr><td>Volitional 意向形</td><td>フィードバックしよう</td></tr><tr><td>Imperative 命令形</td><td>フィードバックしろ</td></tr><tr><td>Want to たい形</td><td>フィードバックしたい</td></tr><tr><td>Should べき形</td><td>フィードバックすべき</td></tr><tr><th colspan=""2"">Keigo 敬語</th></tr><tr><td>Respectful 尊敬語</td><td>フィードバックなさる</td></tr><tr><td>Humble 謙譲語</td><td>フィードバックいたす</td></tr></table></details>"
パフォーマンスについて懸念が、あります。,My concern is performance.,懸念,パフォーマンスについて懸念【けねん】が、あります。,Communication - Concern,concern,"<details class=""conjugation-section""><summary>Conjugations for 懸念 (する動詞)</summary><table class=""conjugation-table""><tr><th colspan=""2"">Basic Forms</th></tr><tr><td>Dictionary 辞書形</td><td>懸念する</td></tr><tr><td>Polite ます形</td><td>懸念します</td></tr><tr><td>Negative ない形</td><td>懸念しない</td></tr><tr><td>Te-form て形</td><td>懸念して</td></tr><tr><td>Past た形</td><td>懸念した</td></tr><tr><th colspan=""2"">Advanced Forms</th></tr><tr><td>Potential 可能形</td><td>懸念できる</td></tr><tr><td>Passive 受身形</td><td>懸念される</td></tr><tr><td>Causative 使役形</td><td>懸念させる</td></tr><tr><td>Caus-Pass 使役受身</td><td>懸念させられる</td></tr><tr><td>Conditional 仮定形</td><td>懸念すれば</td></tr><tr><td>Conditional たら形</td><td>懸念したら</td></tr><tr><td>Volitional 意向形</td><td>懸念しよう</td></tr><tr><td>Imperative 命令形</td><td>懸念しろ</td></tr><tr><td>Want to たい形</td><td>懸念したい</td></tr><tr><td>Should べき形</td><td>懸念すべき</td></tr><tr><th colspan=""2"">Keigo 敬語</th></tr><tr><td>Respectful 尊敬語</td><td>懸念なさる</td></tr><tr><td>Humble 謙譲語</td><td>懸念いたす</td></tr></table></details>"
これに問題が、あります。,I see an issue with this.,問題,これに問題【もんだい】が、あります。,Communication - Issue,problem/issue,
いい指摘ですね、考えていませんでした。,"Good point, I hadn't considered that.",指摘,いい指摘【してき】ですね、考【かんが】えていませんでした。,Communication - Point,point out,"<details class=""conjugation-section""><summary>Conjugations for 指摘 (する動詞)</summary><table class=""conjugation-table""><tr><th colspan=""2"">Basic Forms</th></tr><tr><td>Dictionary 辞書形</td><td>指摘する</td></tr><tr><td>Polite ます形</td><td>指摘します</td></tr><tr><td>Negative ない形</td><td>指摘しない</td></tr><tr><td>Te-form て形</td><td>指摘して</td></tr><tr><td>Past た形</td><td>指摘した</td></tr><tr><th colspan=""2"">Advanced Forms</th></tr><tr><td>Potential 可能形</td><td>指摘できる</td></tr><tr><td>Passive 受身形</td><td>指摘される</td></tr><tr><td>Causative 使役形</td><td>指摘させる</td></tr><tr><td>Caus-Pass 使役受身</td><td>指摘させられる</td></tr><tr><td>Conditional 仮定形</td><td>指摘すれば</td></tr><tr><td>Conditional たら形</td><td>指摘したら</td></tr><tr><td>Volitional 意向形</td><td>指摘しよう</td></tr><tr><td>Imperative 命令形</td><td>指摘しろ</td></tr><tr><td>Want to たい形</td><td>指摘したい</td></tr><tr><td>Should べき形</td><td>指摘すべき</td></tr><tr><th colspan=""2"">Keigo 敬語</th></tr><tr><td>Respectful 尊敬語</td><td>指摘なさる</td></tr><tr><td>Humble 謙譲語</td><td>指摘いたす</td></tr></table></details>"
どういう意味か明確にしてもらえますか？,Can you clarify what you mean?,明確に,どういう意味【いみ】か明確【めいかく】にしてもらえますか？,Communication - Clarification,clear,
それについて詳しく説明してもらえますか？,Could you elaborate on that?,詳しく,それについて詳【くわ】しく説明【せつめい】してもらえますか？,Communication - Elaboration,in detail,"<details class=""conjugation-section""><summary>Conjugations for 詳しく (い形容詞)</summary><table class=""conjugation-table""><tr><th colspan=""2"">Basic Forms</th></tr><tr><td>Dictionary 辞書形</td><td>詳しい</td></tr><tr><td>Negative ない形</td><td>詳しくない</td></tr><tr><td>Past た形</td><td>詳しかった</td></tr><tr><td>Past Neg なかった</td><td>詳しくなかった</td></tr><tr><td>Te-form て形</td><td>詳しくて</td></tr><tr><td>Adverbial く形</td><td>詳しく</td></tr></table></details>"
私の理由を説明させてください。,Let me explain my reasoning.,説明,私【わたし】の理由【りゆう】を説明【せつめい】させてください。,Communication - Explanation,explain,"<details class=""conjugation-section""><summary>Conjugations for 説明 (する動詞)</summary><table class=""conjugation-table""><tr><th colspan=""2"">Basic Forms</th></tr><tr><td>Dictionary 辞書形</td><td>説明する</td></tr><tr><td>Polite ます形</td><td>説明します</td></tr><tr><td>Negative ない形</td><td>説明しない</td></tr><tr><td>Te-form て形</td><td>説明して</td></tr><tr><td>Past た形</td><td>説明した</td></tr><tr><th colspan=""2"">Advanced Forms</th></tr><tr><td>Potential 可能形</td><td>説明できる</td></tr><tr><td>Passive 受身形</td><td>説明される</td></tr><tr><td>Causative 使役形</td><td>説明させる</td></tr><tr><td>Caus-Pass 使役受身</td><td>説明させられる</td></tr><tr><td>Conditional 仮定形</td><td>説明すれば</td></tr><tr><td>Conditional たら形</td><td>説明したら</td></tr><tr><td>Volitional 意向形</td><td>説明しよう</td></tr><tr><td>Imperative 命令形</td><td>説明しろ</td></tr><tr><td>Want to たい形</td><td>説明したい</td></tr><tr><td>Should べき形</td><td>説明すべき</td></tr><tr><th colspan=""2"">Keigo 敬語</th></tr><tr><td>Respectful 尊敬語</td><td>説明なさる</td></tr><tr><td>Humble 謙譲語</td><td>説明いたす</td></tr></table></details>"
例を挙げてもらえますか？,Can you give me an example?,例,例【れい】を挙【あ】げてもらえますか？,Communication - Example,example,
背景を教えていただきありがとうございます。,Thanks for the context.,背景,背景【はいけい】を教【おし】えていただきありがとうございます。,Communication - Context,background,
少し背景情報を説明します。,Here's some background.,背景情報,少【すこ】し背景【はいけい】情報【じょうほう】を説明【せつめい】します。,Communication - Background,background info,
簡単なまとめです。,Here's a quick summary.,まとめ,簡単【かんたん】なまとめです。,Communication - Summary,summary,
話し合ったことを要約させてください。,Let me recap what we discussed.,要約,話【はな】し合【あ】ったことを要約【ようやく】させてください。,Communication - Summary,summarize,"<details class=""conjugation-section""><summary>Conjugations for 要約 (する動詞)</summary><table class=""conjugation-table""><tr><th colspan=""2"">Basic Forms</th></tr><tr><td>Dictionary 辞書形</td><td>要約する</td></tr><tr><td>Polite ます形</td><td>要約します</td></tr><tr><td>Negative ない形</td><td>要約しない</td></tr><tr><td>Te-form て形</td><td>要約して</td></tr><tr><td>Past た形</td><td>要約した</td></tr><tr><th colspan=""2"">Advanced Forms</th></tr><tr><td>Potential 可能形</td><td>要約できる</td></tr><tr><td>Passive 受身形</td><td>要約される</td></tr><tr><td>Causative 使役形</td><td>要約させる</td></tr><tr><td>Caus-Pass 使役受身</td><td>要約させられる</td></tr><tr><td>Conditional 仮定形</td><td>要約すれば</td></tr><tr><td>Conditional たら形</td><td>要約したら</td></tr><tr><td>Volitional 意向形</td><td>要約しよう</td></tr><tr><td>Imperative 命令形</td><td>要約しろ</td></tr><tr><td>Want to たい形</td><td>要約したい</td></tr><tr><td>Should べき形</td><td>要約すべき</td></tr><tr><th colspan=""2"">Keigo 敬語</th></tr><tr><td>Respectful 尊敬語</td><td>要約なさる</td></tr><tr><td>Humble 謙譲語</td><td>要約いたす</td></tr></table></details>"
結論として、私たちは...すべきです。,"In conclusion, we should...",結論,結論【けつろん】として、私【わたし】たちは...すべきです。,Communication - Conclusion,conclusion,"<details class=""conjugation-section""><summary>Conjugations for 結論 (する動詞)</summary><table class=""conjugation-table""><tr><th colspan=""2"">Basic Forms</th></tr><tr><td>Dictionary 辞書形</td><td>結論する</td></tr><tr><td>Polite ます形</td><td>結論します</td></tr><tr><td>Negative ない形</td><td>結論しない</td></tr><tr><td>Te-form て形</td><td>結論して</td></tr><tr><td>Past た形</td><td>結論した</td></tr><tr><th colspan=""2"">Advanced Forms</th></tr><tr><td>Potential 可能形</td><td>結論できる</td></tr><tr><td>Passive 受身形</td><td>結論される</td></tr><tr><td>Causative 使役形</td><td>結論させる</td></tr><tr><td>Caus-Pass 使役受身</td><td>結論させられる</td></tr><tr><td>Conditional 仮定形</td><td>結論すれば</td></tr><tr><td>Conditional たら形</td><td>結論したら</td></tr><tr><td>Volitional 意向形</td><td>結論しよう</td></tr><tr><td>Imperative 命令形</td><td>結論しろ</td></tr><tr><td>Want to たい形</td><td>結論したい</td></tr><tr><td>Should べき形</td><td>結論すべき</td></tr><tr><th colspan=""2"">Keigo 敬語</th></tr><tr><td>Respectful 尊敬語</td><td>結論なさる</td></tr><tr><td>Humble 謙譲語</td><td>結論いたす</td></tr></table></details>"
最終決定は何ですか？,What's the final decision?,決定,最終【さいしゅう】決定【けってい】は何【なん】ですか？,Communication - Decision,decide,"<details class=""conjugation-section""><summary>Conjugations for 決定 (する動詞)</summary><table class=""conjugation-table""><tr><th colspan=""2"">Basic Forms</th></tr><tr><td>Dictionary 辞書形</td><td>決定する</td></tr><tr><td>Polite ます形</td><td>決定します</td></tr><tr><td>Negative ない形</td><td>決定しない</td></tr><tr><td>Te-form て形</td><td>決定して</td></tr><tr><td>Past た形</td><td>決定した</td></tr><tr><th colspan=""2"">Advanced Forms</th></tr><tr><td>Potential 可能形</td><td>決定できる</td></tr><tr><td>Passive 受身形</td><td>決定される</td></tr><tr><td>Causative 使役形</td><td>決定させる</td></tr><tr><td>Caus-Pass 使役受身</td><td>決定させられる</td></tr><tr><td>Conditional 仮定形</td><td>決定すれば</td></tr><tr><td>Conditional たら形</td><td>決定したら</td></tr><tr><td>Volitional 意向形</td><td>決定しよう</td></tr><tr><td>Imperative 命令形</td><td>決定しろ</td></tr><tr><td>Want to たい形</td><td>決定したい</td></tr><tr><td>Should べき形</td><td>決定すべき</td></tr><tr><th colspan=""2"">Keigo 敬語</th></tr><tr><td>Respectful 尊敬語</td><td>決定なさる</td></tr><tr><td>Humble 謙譲語</td><td>決定いたす</td></tr></table></details>"
合意は取れましたか？,Do we have consensus?,合意,合意【ごうい】は取【と】れましたか？,Communication - Consensus,agreement,"<details class=""conjugation-section""><summary>Conjugations for 合意 (する動詞)</summary><table class=""conjugation-table""><tr><th colspan=""2"">Basic Forms</th></tr><tr><td>Dictionary 辞書形</td><td>合意する</td></tr><tr><td>Polite ます形</td><td>合意します</td></tr><tr><td>Negative ない形</td><td>合意しない</td></tr><tr><td>Te-form て形</td><td>合意して</td></tr><tr><td>Past た形</td><td>合意した</td></tr><tr><th colspan=""2"">Advanced Forms</th></tr><tr><td>Potential 可能形</td><td>合意できる</td></tr><tr><td>Passive 受身形</td><td>合意される</td></tr><tr><td>Causative 使役形</td><td>合意させる</td></tr><tr><td>Caus-Pass 使役受身</td><td>合意させられる</td></tr><tr><td>Conditional 仮定形</td><td>合意すれば</td></tr><tr><td>Conditional たら形</td><td>合意したら</td></tr><tr><td>Volitional 意向形</td><td>合意しよう</td></tr><tr><td>Imperative 命令形</td><td>合意しろ</td></tr><tr><td>Want to たい形</td><td>合意したい</td></tr><tr><td>Should べき形</td><td>合意すべき</td></tr><tr><th colspan=""2"">Keigo 敬語</th></tr><tr><td>Respectful 尊敬語</td><td>合意なさる</td></tr><tr><td>Humble 謙譲語</td><td>合意いたす</td></tr></table></details>"
まず、整合性を取りましょう。,Let's get alignment first.,整合性,まず、整合性【せいごうせい】を取【と】りましょう。,Communication - Alignment,consistency,"<details class=""conjugation-section""><summary>Conjugations for 整合性 (する動詞)</summary><table class=""conjugation-table""><tr><th colspan=""2"">Basic Forms</th></tr><tr><td>Dictionary 辞書形</td><td>整合する</td></tr><tr><td>Polite ます形</td><td>整合します</td></tr><tr><td>Negative ない形</td><td>整合しない</td></tr><tr><td>Te-form て形</td><td>整合して</td></tr><tr><td>Past た形</td><td>整合した</td></tr><tr><th colspan=""2"">Advanced Forms</th></tr><tr><td>Potential 可能形</td><td>整合できる</td></tr><tr><td>Passive 受身形</td><td>整合される</td></tr><tr><td>Causative 使役形</td><td>整合させる</td></tr><tr><td>Caus-Pass 使役受身</td><td>整合させられる</td></tr><tr><td>Conditional 仮定形</td><td>整合すれば</td></tr><tr><td>Conditional たら形</td><td>整合したら</td></tr><tr><td>Volitional 意向形</td><td>整合しよう</td></tr><tr><td>Imperative 命令形</td><td>整合しろ</td></tr><tr><td>Want to たい形</td><td>整合したい</td></tr><tr><td>Should べき形</td><td>整合すべき</td></tr><tr><th colspan=""2"">Keigo 敬語</th></tr><tr><td>Respectful 尊敬語</td><td>整合なさる</td></tr><tr><td>Humble 謙譲語</td><td>整合いたす</td></tr></table></details>"
ここで妥協が必要です。,We need to compromise here.,妥協,ここで妥協【だきょう】が必要【ひつよう】です。,Communication - Compromise,compromise,"<details class=""conjugation-section""><summary>Conjugations for 妥協 (する動詞)</summary><table class=""conjugation-table""><tr><th colspan=""2"">Basic Forms</th></tr><tr><td>Dictionary 辞書形</td><td>妥協する</td></tr><tr><td>Polite ます形</td><td>妥協します</td></tr><tr><td>Negative ない形</td><td>妥協しない</td></tr><tr><td>Te-form て形</td><td>妥協して</td></tr><tr><td>Past た形</td><td>妥協した</td></tr><tr><th colspan=""2"">Advanced Forms</th></tr><tr><td>Potential 可能形</td><td>妥協できる</td></tr><tr><td>Passive 受身形</td><td>妥協される</td></tr><tr><td>Causative 使役形</td><td>妥協させる</td></tr><tr><td>Caus-Pass 使役受身</td><td>妥協させられる</td></tr><tr><td>Conditional 仮定形</td><td>妥協すれば</td></tr><tr><td>Conditional たら形</td><td>妥協したら</td></tr><tr><td>Volitional 意向形</td><td>妥協しよう</td></tr><tr><td>Imperative 命令形</td><td>妥協しろ</td></tr><tr><td>Want to たい形</td><td>妥協したい</td></tr><tr><td>Should べき形</td><td>妥協すべき</td></tr><tr><th colspan=""2"">Keigo 敬語</th></tr><tr><td>Respectful 尊敬語</td><td>妥協なさる</td></tr><tr><td>Humble 謙譲語</td><td>妥協いたす</td></tr></table></details>"
考慮すべきトレードオフが、あります。,There's a tradeoff to consider.,トレードオフ,考慮【こうりょ】すべきトレードオフが、あります。,Architecture - Tradeoff,trade-off,"<details class=""conjugation-section""><summary>Conjugations for トレードオフ (する動詞)</summary><table class=""conjugation-table""><tr><th colspan=""2"">Basic Forms</th></tr><tr><td>Dictionary 辞書形</td><td>トレードオフする</td></tr><tr><td>Polite ます形</td><td>トレードオフします</td></tr><tr><td>Negative ない形</td><td>トレードオフしない</td></tr><tr><td>Te-form て形</td><td>トレードオフして</td></tr><tr><td>Past た形</td><td>トレードオフした</td></tr><tr><th colspan=""2"">Advanced Forms</th></tr><tr><td>Potential 可能形</td><td>トレードオフできる</td></tr><tr><td>Passive 受身形</td><td>トレードオフされる</td></tr><tr><td>Causative 使役形</td><td>トレードオフさせる</td></tr><tr><td>Caus-Pass 使役受身</td><td>トレードオフさせられる</td></tr><tr><td>Conditional 仮定形</td><td>トレードオフすれば</td></tr><tr><td>Conditional たら形</td><td>トレードオフしたら</td></tr><tr><td>Volitional 意向形</td><td>トレードオフしよう</td></tr><tr><td>Imperative 命令形</td><td>トレードオフしろ</td></tr><tr><td>Want to たい形</td><td>トレードオフしたい</td></tr><tr><td>Should べき形</td><td>トレードオフすべき</td></tr><tr><th colspan=""2"">Keigo 敬語</th></tr><tr><td>Respectful 尊敬語</td><td>トレードオフなさる</td></tr><tr><td>Humble 謙譲語</td><td>トレードオフいたす</td></tr></table></details>"
代替案はありますか？,Is there an alternative?,代替案,代替案【だいたいあん】はありますか？,Code Review - Alternative,alternative,"<details class=""conjugation-section""><summary>Conjugations for 代替案 (する動詞)</summary><table class=""conjugation-table""><tr><th colspan=""2"">Basic Forms</th></tr><tr><td>Dictionary 辞書形</td><td>代替する</td></tr><tr><td>Polite ます形</td><td>代替します</td></tr><tr><td>Negative ない形</td><td>代替しない</td></tr><tr><td>Te-form て形</td><td>代替して</td></tr><tr><td>Past た形</td><td>代替した</td></tr><tr><th colspan=""2"">Advanced Forms</th></tr><tr><td>Potential 可能形</td><td>代替できる</td></tr><tr><td>Passive 受身形</td><td>代替される</td></tr><tr><td>Causative 使役形</td><td>代替させる</td></tr><tr><td>Caus-Pass 使役受身</td><td>代替させられる</td></tr><tr><td>Conditional 仮定形</td><td>代替すれば</td></tr><tr><td>Conditional たら形</td><td>代替したら</td></tr><tr><td>Volitional 意向形</td><td>代替しよう</td></tr><tr><td>Imperative 命令形</td><td>代替しろ</td></tr><tr><td>Want to たい形</td><td>代替したい</td></tr><tr><td>Should べき形</td><td>代替すべき</td></tr><tr><th colspan=""2"">Keigo 敬語</th></tr><tr><td>Respectful 尊敬語</td><td>代替なさる</td></tr><tr><td>Humble 謙譲語</td><td>代替いたす</td></tr></table></details>"
選択肢は何ですか？,What are our options?,選択肢,選択肢【せんたくし】は何【なん】ですか？,Communication - Options,option,"<details class=""conjugation-section""><summary>Conjugations for 選択肢 (する動詞)</summary><table class=""conjugation-table""><tr><th colspan=""2"">Basic Forms</th></tr><tr><td>Dictionary 辞書形</td><td>選択する</td></tr><tr><td>Polite ます形</td><td>選択します</td></tr><tr><td>Negative ない形</td><td>選択しない</td></tr><tr><td>Te-form て形</td><td>選択して</td></tr><tr><td>Past た形</td><td>選択した</td></tr><tr><th colspan=""2"">Advanced Forms</th></tr><tr><td>Potential 可能形</td><td>選択できる</td></tr><tr><td>Passive 受身形</td><td>選択される</td></tr><tr><td>Causative 使役形</td><td>選択させる</td></tr><tr><td>Caus-Pass 使役受身</td><td>選択させられる</td></tr><tr><td>Conditional 仮定形</td><td>選択すれば</td></tr><tr><td>Conditional たら形</td><td>選択したら</td></tr><tr><td>Volitional 意向形</td><td>選択しよう</td></tr><tr><td>Imperative 命令形</td><td>選択しろ</td></tr><tr><td>Want to たい形</td><td>選択したい</td></tr><tr><td>Should べき形</td><td>選択すべき</td></tr><tr><th colspan=""2"">Keigo 敬語</th></tr><tr><td>Respectful 尊敬語</td><td>選択なさる</td></tr><tr><td>Humble 謙譲語</td><td>選択いたす</td></tr></table></details>"
長所と短所について話し合いましょう。,Let's discuss pros and cons.,長所と短所,長所【ちょうしょ】と短所【たんしょ】について話【はな】し合【あ】いましょう。,Communication - Analysis,pros and cons,
主な利点は速度です。,The main advantage is speed.,利点,主【おも】な利点【りてん】は速度【そくど】です。,Communication - Analysis,advantage,
欠点は複雑さです。,The disadvantage is complexity.,欠点,欠点【けってん】は複雑【ふくざつ】さです。,Communication - Analysis,drawback,
利益は明らかです。,The benefit is clear.,利益,利益【りえき】は明【あき】らかです。,Communication - Analysis,benefit,
ここでのリスクは何ですか？,What's the risk here?,リスク,ここでのリスクは何【なん】ですか？,Communication - Risk,risk,
ユーザーへの影響は何ですか？,What's the impact on users?,影響,ユーザーへの影響【えいきょう】は何【なん】ですか？,Communication - Impact,impact,"<details class=""conjugation-section""><summary>Conjugations for 影響 (する動詞)</summary><table class=""conjugation-table""><tr><th colspan=""2"">Basic Forms</th></tr><tr><td>Dictionary 辞書形</td><td>影響する</td></tr><tr><td>Polite ます形</td><td>影響します</td></tr><tr><td>Negative ない形</td><td>影響しない</td></tr><tr><td>Te-form て形</td><td>影響して</td></tr><tr><td>Past た形</td><td>影響した</td></tr><tr><th colspan=""2"">Advanced Forms</th></tr><tr><td>Potential 可能形</td><td>影響できる</td></tr><tr><td>Passive 受身形</td><td>影響される</td></tr><tr><td>Causative 使役形</td><td>影響させる</td></tr><tr><td>Caus-Pass 使役受身</td><td>影響させられる</td></tr><tr><td>Conditional 仮定形</td><td>影響すれば</td></tr><tr><td>Conditional たら形</td><td>影響したら</td></tr><tr><td>Volitional 意向形</td><td>影響しよう</td></tr><tr><td>Imperative 命令形</td><td>影響しろ</td></tr><tr><td>Want to たい形</td><td>影響したい</td></tr><tr><td>Should べき形</td><td>影響すべき</td></tr><tr><th colspan=""2"">Keigo 敬語</th></tr><tr><td>Respectful 尊敬語</td><td>影響なさる</td></tr><tr><td>Humble 謙譲語</td><td>影響いたす</td></tr></table></details>"
これはスコープ内ですか？,Is this in scope?,スコープ,これはスコープ内【ない】ですか？,Agile - Scope,scope,
優先度レベルは何ですか？,What's the priority level?,優先度,優先度【ゆうせんど】レベルは何【なん】ですか？,Agile - Priority,priority,"<details class=""conjugation-section""><summary>Conjugations for 優先度 (する動詞)</summary><table class=""conjugation-table""><tr><th colspan=""2"">Basic Forms</th></tr><tr><td>Dictionary 辞書形</td><td>優先する</td></tr><tr><td>Polite ます形</td><td>優先します</td></tr><tr><td>Negative ない形</td><td>優先しない</td></tr><tr><td>Te-form て形</td><td>優先して</td></tr><tr><td>Past た形</td><td>優先した</td></tr><tr><th colspan=""2"">Advanced Forms</th></tr><tr><td>Potential 可能形</td><td>優先できる</td></tr><tr><td>Passive 受身形</td><td>優先される</td></tr><tr><td>Causative 使役形</td><td>優先させる</td></tr><tr><td>Caus-Pass 使役受身</td><td>優先させられる</td></tr><tr><td>Conditional 仮定形</td><td>優先すれば</td></tr><tr><td>Conditional たら形</td><td>優先したら</td></tr><tr><td>Volitional 意向形</td><td>優先しよう</td></tr><tr><td>Imperative 命令形</td><td>優先しろ</td></tr><tr><td>Want to たい形</td><td>優先したい</td></tr><tr><td>Should べき形</td><td>優先すべき</td></tr><tr><th colspan=""2"">Keigo 敬語</th></tr><tr><td>Respectful 尊敬語</td><td>優先なさる</td></tr><tr><td>Humble 謙譲語</td><td>優先いたす</td></tr></table></details>"
これは緊急です。,This is urgent.,緊急,これは緊急【きんきゅう】です。,Agile - Priority,urgent,
これは重要ですが緊急ではありません。,This is important but not urgent.,重要,これは重要【じゅうよう】ですが緊急【きんきゅう】ではありません。,Other - Important,important,
これは修正が重大です。,This is critical to fix.,重大,これは修正【しゅうせい】が重大【じゅうだい】です。,Agile - Priority,serious,
これはリリースのブロッカーです。,This is a blocker for release.,ブロッカー,これはリリースのブロッカーです。,Agile - Blocker,blocker,
それはあれば良いもので、必須ではありません。,"That's nice to have, not essential.",あれば良い,それはあれば良【よ】いもので、必須【ひっす】ではありません。,Agile - Priority,nice to have,"<details class=""conjugation-section""><summary>Conjugations for あれば良い (五段動詞)</summary><table class=""conjugation-table""><tr><th colspan=""2"">Basic Forms</th></tr><tr><td>Dictionary 辞書形</td><td>有る</td></tr><tr><td>Polite ます形</td><td>有ります</td></tr><tr><td>Negative ない形</td><td>有らない</td></tr><tr><td>Te-form て形</td><td>有って</td></tr><tr><td>Past た形</td><td>有った</td></tr><tr><th colspan=""2"">Advanced Forms</th></tr><tr><td>Potential 可能形</td><td>有れる</td></tr><tr><td>Passive 受身形</td><td>有られる</td></tr><tr><td>Causative 使役形</td><td>有らせる</td></tr><tr><td>Caus-Pass 使役受身</td><td>有らせられる</td></tr><tr><td>Conditional 仮定形</td><td>有れば</td></tr><tr><td>Conditional たら形</td><td>有ったら</td></tr><tr><td>Volitional 意向形</td><td>有ろう</td></tr><tr><td>Imperative 命令形</td><td>有れ</td></tr><tr><td>Want to たい形</td><td>有りたい</td></tr><tr><td>Should べき形</td><td>有るべき</td></tr><tr><th colspan=""2"">Keigo 敬語</th></tr><tr><td>Respectful 尊敬語</td><td>有られる</td></tr><tr><td>Humble 謙譲語</td><td>お有りする</td></tr></table></details>"
これは必須の機能です。,This is a must have feature.,必須,これは必須【ひっす】の機能【きのう】です。,Agile - Priority,required,
これは厳しい要件ですか？,Is this a hard requirement?,要件,これは厳【きび】しい要件【ようけん】ですか？,Agile - Requirement,requirement,
私の前提は...です。,My assumption is that...,前提,私【わたし】の前提【ぜんてい】は...です。,Communication - Assumption,prerequisite,
時間の制約が、あります。,We have a time constraint.,制約,時間【じかん】の制約【せいやく】が、あります。,Communication - Constraint,constraint,"<details class=""conjugation-section""><summary>Conjugations for 制約 (する動詞)</summary><table class=""conjugation-table""><tr><th colspan=""2"">Basic Forms</th></tr><tr><td>Dictionary 辞書形</td><td>制約する</td></tr><tr><td>Polite ます形</td><td>制約します</td></tr><tr><td>Negative ない形</td><td>制約しない</td></tr><tr><td>Te-form て形</td><td>制約して</td></tr><tr><td>Past た形</td><td>制約した</td></tr><tr><th colspan=""2"">Advanced Forms</th></tr><tr><td>Potential 可能形</td><td>制約できる</td></tr><tr><td>Passive 受身形</td><td>制約される</td></tr><tr><td>Causative 使役形</td><td>制約させる</td></tr><tr><td>Caus-Pass 使役受身</td><td>制約させられる</td></tr><tr><td>Conditional 仮定形</td><td>制約すれば</td></tr><tr><td>Conditional たら形</td><td>制約したら</td></tr><tr><td>Volitional 意向形</td><td>制約しよう</td></tr><tr><td>Imperative 命令形</td><td>制約しろ</td></tr><tr><td>Want to たい形</td><td>制約したい</td></tr><tr><td>Should べき形</td><td>制約すべき</td></tr><tr><th colspan=""2"">Keigo 敬語</th></tr><tr><td>Respectful 尊敬語</td><td>制約なさる</td></tr><tr><td>Humble 謙譲語</td><td>制約いたす</td></tr></table></details>"
いくつかの制限が、あります。,There are some limitations.,制限,いくつかの制限【せいげん】が、あります。,Communication - Limitation,limit/restriction,"<details class=""conjugation-section""><summary>Conjugations for 制限 (する動詞)</summary><table class=""conjugation-table""><tr><th colspan=""2"">Basic Forms</th></tr><tr><td>Dictionary 辞書形</td><td>制限する</td></tr><tr><td>Polite ます形</td><td>制限します</td></tr><tr><td>Negative ない形</td><td>制限しない</td></tr><tr><td>Te-form て形</td><td>制限して</td></tr><tr><td>Past た形</td><td>制限した</td></tr><tr><th colspan=""2"">Advanced Forms</th></tr><tr><td>Potential 可能形</td><td>制限できる</td></tr><tr><td>Passive 受身形</td><td>制限される</td></tr><tr><td>Causative 使役形</td><td>制限させる</td></tr><tr><td>Caus-Pass 使役受身</td><td>制限させられる</td></tr><tr><td>Conditional 仮定形</td><td>制限すれば</td></tr><tr><td>Conditional たら形</td><td>制限したら</td></tr><tr><td>Volitional 意向形</td><td>制限しよう</td></tr><tr><td>Imperative 命令形</td><td>制限しろ</td></tr><tr><td>Want to たい形</td><td>制限したい</td></tr><tr><td>Should べき形</td><td>制限すべき</td></tr><tr><th colspan=""2"">Keigo 敬語</th></tr><tr><td>Respectful 尊敬語</td><td>制限なさる</td></tr><tr><td>Humble 謙譲語</td><td>制限いたす</td></tr></table></details>"
チームXへの依存関係が、あります。,We have a dependency on team X.,依存関係,チームXへの依存【いぞん】関係【かんけい】が、あります。,Agile - Dependency,dependency,"<details class=""conjugation-section""><summary>Conjugations for 依存関係 (する動詞)</summary><table class=""conjugation-table""><tr><th colspan=""2"">Basic Forms</th></tr><tr><td>Dictionary 辞書形</td><td>依存する</td></tr><tr><td>Polite ます形</td><td>依存します</td></tr><tr><td>Negative ない形</td><td>依存しない</td></tr><tr><td>Te-form て形</td><td>依存して</td></tr><tr><td>Past た形</td><td>依存した</td></tr><tr><th colspan=""2"">Advanced Forms</th></tr><tr><td>Potential 可能形</td><td>依存できる</td></tr><tr><td>Passive 受身形</td><td>依存される</td></tr><tr><td>Causative 使役形</td><td>依存させる</td></tr><tr><td>Caus-Pass 使役受身</td><td>依存させられる</td></tr><tr><td>Conditional 仮定形</td><td>依存すれば</td></tr><tr><td>Conditional たら形</td><td>依存したら</td></tr><tr><td>Volitional 意向形</td><td>依存しよう</td></tr><tr><td>Imperative 命令形</td><td>依存しろ</td></tr><tr><td>Want to たい形</td><td>依存したい</td></tr><tr><td>Should べき形</td><td>依存すべき</td></tr><tr><th colspan=""2"">Keigo 敬語</th></tr><tr><td>Respectful 尊敬語</td><td>依存なさる</td></tr><tr><td>Humble 謙譲語</td><td>依存いたす</td></tr></table></details>"
タイムラインは何ですか？,What's the timeline?,タイムライン,タイムラインは何【なん】ですか？,Agile - Timeline,timeline,
締め切りは金曜日です。,The deadline is Friday.,締め切り,締【し】め切【き】りは金曜日【きんようび】です。,Agile - Deadline,deadline,
次のマイルストーンはいつですか？,When's the next milestone?,マイルストーン,次【つぎ】のマイルストーンはいつですか？,Agile - Milestone,milestone,
成果物は何ですか？,What are the deliverables?,成果物,成果物【せいかぶつ】は何【なん】ですか？,Agile - Deliverable,deliverable,
参考までに、会議が移動しました。,"FYI, the meeting was moved.",参考までに,参考【さんこう】までに、会議【かいぎ】が移動【いどう】しました。,Communication - Fyi,FYI,"<details class=""conjugation-section""><summary>Conjugations for 参考までに (する動詞)</summary><table class=""conjugation-table""><tr><th colspan=""2"">Basic Forms</th></tr><tr><td>Dictionary 辞書形</td><td>参考する</td></tr><tr><td>Polite ます形</td><td>参考します</td></tr><tr><td>Negative ない形</td><td>参考しない</td></tr><tr><td>Te-form て形</td><td>参考して</td></tr><tr><td>Past た形</td><td>参考した</td></tr><tr><th colspan=""2"">Advanced Forms</th></tr><tr><td>Potential 可能形</td><td>参考できる</td></tr><tr><td>Passive 受身形</td><td>参考される</td></tr><tr><td>Causative 使役形</td><td>参考させる</td></tr><tr><td>Caus-Pass 使役受身</td><td>参考させられる</td></tr><tr><td>Conditional 仮定形</td><td>参考すれば</td></tr><tr><td>Conditional たら形</td><td>参考したら</td></tr><tr><td>Volitional 意向形</td><td>参考しよう</td></tr><tr><td>Imperative 命令形</td><td>参考しろ</td></tr><tr><td>Want to たい形</td><td>参考したい</td></tr><tr><td>Should べき形</td><td>参考すべき</td></tr><tr><th colspan=""2"">Keigo 敬語</th></tr><tr><td>Respectful 尊敬語</td><td>参考なさる</td></tr><tr><td>Humble 謙譲語</td><td>参考いたす</td></tr></table></details>"
できるだけ早くレビューしてください。,Please review ASAP.,できるだけ早く,できるだけ早【はや】くレビューしてください。,Communication - Asap,ASAP,"<details class=""conjugation-section""><summary>Conjugations for できるだけ早く (一段動詞)</summary><table class=""conjugation-table""><tr><th colspan=""2"">Basic Forms</th></tr><tr><td>Dictionary 辞書形</td><td>出来る</td></tr><tr><td>Polite ます形</td><td>出来ます</td></tr><tr><td>Negative ない形</td><td>出来ない</td></tr><tr><td>Te-form て形</td><td>出来て</td></tr><tr><td>Past た形</td><td>出来た</td></tr><tr><th colspan=""2"">Advanced Forms</th></tr><tr><td>Potential 可能形</td><td>出来られる</td></tr><tr><td>Passive 受身形</td><td>出来られる</td></tr><tr><td>Causative 使役形</td><td>出来させる</td></tr><tr><td>Caus-Pass 使役受身</td><td>出来させられる</td></tr><tr><td>Conditional 仮定形</td><td>出来れば</td></tr><tr><td>Conditional たら形</td><td>出来たら</td></tr><tr><td>Volitional 意向形</td><td>出来よう</td></tr><tr><td>Imperative 命令形</td><td>出来ろ</td></tr><tr><td>Want to たい形</td><td>出来たい</td></tr><tr><td>Should べき形</td><td>出来るべき</td></tr><tr><th colspan=""2"">Keigo 敬語</th></tr><tr><td>Respectful 尊敬語</td><td>出来られる</td></tr><tr><td>Humble 謙譲語</td><td>お出来する</td></tr></table></details>"
今日中にこれが必要です。,Need this by EOD.,今日中,今日中【きょうじゅう】にこれが必要【ひつよう】です。,Communication - Eod,by today,
これのETAは何ですか？,What's the ETA on this?,ETA,これのETAは何【なん】ですか？,Communication - Eta,ETA,
日付は未定です。,The date is TBD.,未定,日付【ひづけ】は未定【みてい】です。,Communication - Tbd,TBD,
要約すると、もっと時間が必要です。,TL;DR: we need more time.,要約,要約【ようやく】すると、もっと時間【じかん】が必要【ひつよう】です。,Communication - Summary,summarize,"<details class=""conjugation-section""><summary>Conjugations for 要約 (する動詞)</summary><table class=""conjugation-table""><tr><th colspan=""2"">Basic Forms</th></tr><tr><td>Dictionary 辞書形</td><td>要約する</td></tr><tr><td>Polite ます形</td><td>要約します</td></tr><tr><td>Negative ない形</td><td>要約しない</td></tr><tr><td>Te-form て形</td><td>要約して</td></tr><tr><td>Past た形</td><td>要約した</td></tr><tr><th colspan=""2"">Advanced Forms</th></tr><tr><td>Potential 可能形</td><td>要約できる</td></tr><tr><td>Passive 受身形</td><td>要約される</td></tr><tr><td>Causative 使役形</td><td>要約させる</td></tr><tr><td>Caus-Pass 使役受身</td><td>要約させられる</td></tr><tr><td>Conditional 仮定形</td><td>要約すれば</td></tr><tr><td>Conditional たら形</td><td>要約したら</td></tr><tr><td>Volitional 意向形</td><td>要約しよう</td></tr><tr><td>Imperative 命令形</td><td>要約しろ</td></tr><tr><td>Want to たい形</td><td>要約したい</td></tr><tr><td>Should べき形</td><td>要約すべき</td></tr><tr><th colspan=""2"">Keigo 敬語</th></tr><tr><td>Respectful 尊敬語</td><td>要約なさる</td></tr><tr><td>Humble 謙譲語</td><td>要約いたす</td></tr></table></details>"
見逃した場合のために、録画はこちらです。,"ICYMI, here's the recording.",見逃した場合,見逃【みのが】した場合【ばあい】のために、録画【ろくが】はこちらです。,Communication - Fyi,if you missed,"<details class=""conjugation-section""><summary>Conjugations for 見逃した場合 (五段動詞)</summary><table class=""conjugation-table""><tr><th colspan=""2"">Basic Forms</th></tr><tr><td>Dictionary 辞書形</td><td>見逃す</td></tr><tr><td>Polite ます形</td><td>見逃します</td></tr><tr><td>Negative ない形</td><td>見逃さない</td></tr><tr><td>Te-form て形</td><td>見逃して</td></tr><tr><td>Past た形</td><td>見逃した</td></tr><tr><th colspan=""2"">Advanced Forms</th></tr><tr><td>Potential 可能形</td><td>見逃せる</td></tr><tr><td>Passive 受身形</td><td>見逃される</td></tr><tr><td>Causative 使役形</td><td>見逃させる</td></tr><tr><td>Caus-Pass 使役受身</td><td>見逃させられる</td></tr><tr><td>Conditional 仮定形</td><td>見逃せば</td></tr><tr><td>Conditional たら形</td><td>見逃したら</td></tr><tr><td>Volitional 意向形</td><td>見逃そう</td></tr><tr><td>Imperative 命令形</td><td>見逃せ</td></tr><tr><td>Want to たい形</td><td>見逃したい</td></tr><tr><td>Should べき形</td><td>見逃すべき</td></tr><tr><th colspan=""2"">Keigo 敬語</th></tr><tr><td>Respectful 尊敬語</td><td>見逃される</td></tr><tr><td>Humble 謙譲語</td><td>お見逃しする</td></tr></table></details>"
私の知る限り、これは正しいです。,"AFAIK, this is correct.",私の知る限り,私【わたし】の知【し】る限【かぎ】り、これは正【ただ】しいです。,Communication - Opinion,AFAIK,
私の意見では、待つべきです。,"IMO, we should wait.",私の意見では,私【わたし】の意見【いけん】では、待【ま】つべきです。,Communication - Opinion,IMO,
ちなみに、その修正は素晴らしい仕事でした。,"BTW, great work on that fix.",ちなみに,ちなみに、その修正【しゅうせい】は素晴【すば】らしい仕事【しごと】でした。,Communication - Fyi,by the way,
準備が、できたら連絡します。,I'll ping you when it's ready.,連絡,準備【じゅんび】が、できたら連絡【れんらく】します。,Communication - Contact,contact,"<details class=""conjugation-section""><summary>Conjugations for 連絡 (する動詞)</summary><table class=""conjugation-table""><tr><th colspan=""2"">Basic Forms</th></tr><tr><td>Dictionary 辞書形</td><td>連絡する</td></tr><tr><td>Polite ます形</td><td>連絡します</td></tr><tr><td>Negative ない形</td><td>連絡しない</td></tr><tr><td>Te-form て形</td><td>連絡して</td></tr><tr><td>Past た形</td><td>連絡した</td></tr><tr><th colspan=""2"">Advanced Forms</th></tr><tr><td>Potential 可能形</td><td>連絡できる</td></tr><tr><td>Passive 受身形</td><td>連絡される</td></tr><tr><td>Causative 使役形</td><td>連絡させる</td></tr><tr><td>Caus-Pass 使役受身</td><td>連絡させられる</td></tr><tr><td>Conditional 仮定形</td><td>連絡すれば</td></tr><tr><td>Conditional たら形</td><td>連絡したら</td></tr><tr><td>Volitional 意向形</td><td>連絡しよう</td></tr><tr><td>Imperative 命令形</td><td>連絡しろ</td></tr><tr><td>Want to たい形</td><td>連絡したい</td></tr><tr><td>Should べき形</td><td>連絡すべき</td></tr><tr><th colspan=""2"">Keigo 敬語</th></tr><tr><td>Respectful 尊敬語</td><td>連絡なさる</td></tr><tr><td>Humble 謙譲語</td><td>連絡いたす</td></tr></table></details>"
チームリードを巻き込みます。,Let me loop in the team lead.,巻き込み,チームリードを巻【ま】き込【こ】みます。,Communication - Contact,involve,
事前通知です、午後3時にデプロイします。,"Heads up, deploy at 3pm.",事前通知,事前【じぜん】通知【つうち】です、午後【ごご】3時【じ】にデプロイします。,Communication - Notice,advance notice,
前回の話し合いについてフォローアップです。,Following up on our discussion.,フォローアップ,前回【ぜんかい】の話【はな】し合【あ】いについてフォローアップです。,Communication - Follow-Up,follow up,"<details class=""conjugation-section""><summary>Conjugations for フォローアップ (する動詞)</summary><table class=""conjugation-table""><tr><th colspan=""2"">Basic Forms</th></tr><tr><td>Dictionary 辞書形</td><td>フォローアップする</td></tr><tr><td>Polite ます形</td><td>フォローアップします</td></tr><tr><td>Negative ない形</td><td>フォローアップしない</td></tr><tr><td>Te-form て形</td><td>フォローアップして</td></tr><tr><td>Past た形</td><td>フォローアップした</td></tr><tr><th colspan=""2"">Advanced Forms</th></tr><tr><td>Potential 可能形</td><td>フォローアップできる</td></tr><tr><td>Passive 受身形</td><td>フォローアップされる</td></tr><tr><td>Causative 使役形</td><td>フォローアップさせる</td></tr><tr><td>Caus-Pass 使役受身</td><td>フォローアップさせられる</td></tr><tr><td>Conditional 仮定形</td><td>フォローアップすれば</td></tr><tr><td>Conditional たら形</td><td>フォローアップしたら</td></tr><tr><td>Volitional 意向形</td><td>フォローアップしよう</td></tr><tr><td>Imperative 命令形</td><td>フォローアップしろ</td></tr><tr><td>Want to たい形</td><td>フォローアップしたい</td></tr><tr><td>Should べき形</td><td>フォローアップすべき</td></tr><tr><th colspan=""2"">Keigo 敬語</th></tr><tr><td>Respectful 尊敬語</td><td>フォローアップなさる</td></tr><tr><td>Humble 謙譲語</td><td>フォローアップいたす</td></tr></table></details>"
明日また話しましょう。,Let's circle back tomorrow.,また話しましょう,明日【あした】また話【はな】しましょう。,Communication - Follow-Up,let's circle back,
今週連絡を取れますか？,Can we touch base this week?,連絡を取れますか,今週【こんしゅう】連絡【れんらく】を取【と】れますか？,Communication - Sync,can you reach?,"<details class=""conjugation-section""><summary>Conjugations for 連絡を取れますか (する動詞)</summary><table class=""conjugation-table""><tr><th colspan=""2"">Basic Forms</th></tr><tr><td>Dictionary 辞書形</td><td>連絡する</td></tr><tr><td>Polite ます形</td><td>連絡します</td></tr><tr><td>Negative ない形</td><td>連絡しない</td></tr><tr><td>Te-form て形</td><td>連絡して</td></tr><tr><td>Past た形</td><td>連絡した</td></tr><tr><th colspan=""2"">Advanced Forms</th></tr><tr><td>Potential 可能形</td><td>連絡できる</td></tr><tr><td>Passive 受身形</td><td>連絡される</td></tr><tr><td>Causative 使役形</td><td>連絡させる</td></tr><tr><td>Caus-Pass 使役受身</td><td>連絡させられる</td></tr><tr><td>Conditional 仮定形</td><td>連絡すれば</td></tr><tr><td>Conditional たら形</td><td>連絡したら</td></tr><tr><td>Volitional 意向形</td><td>連絡しよう</td></tr><tr><td>Imperative 命令形</td><td>連絡しろ</td></tr><tr><td>Want to たい形</td><td>連絡したい</td></tr><tr><td>Should べき形</td><td>連絡すべき</td></tr><tr><th colspan=""2"">Keigo 敬語</th></tr><tr><td>Respectful 尊敬語</td><td>連絡なさる</td></tr><tr><td>Humble 謙譲語</td><td>連絡いたす</td></tr></table></details>"
進捗を確認しています。,Just checking in on progress.,確認,進捗【しんちょく】を確認【かくにん】しています。,Communication - Sync,confirm/check,"<details class=""conjugation-section""><summary>Conjugations for 確認 (する動詞)</summary><table class=""conjugation-table""><tr><th colspan=""2"">Basic Forms</th></tr><tr><td>Dictionary 辞書形</td><td>確認する</td></tr><tr><td>Polite ます形</td><td>確認します</td></tr><tr><td>Negative ない形</td><td>確認しない</td></tr><tr><td>Te-form て形</td><td>確認して</td></tr><tr><td>Past た形</td><td>確認した</td></tr><tr><th colspan=""2"">Advanced Forms</th></tr><tr><td>Potential 可能形</td><td>確認できる</td></tr><tr><td>Passive 受身形</td><td>確認される</td></tr><tr><td>Causative 使役形</td><td>確認させる</td></tr><tr><td>Caus-Pass 使役受身</td><td>確認させられる</td></tr><tr><td>Conditional 仮定形</td><td>確認すれば</td></tr><tr><td>Conditional たら形</td><td>確認したら</td></tr><tr><td>Volitional 意向形</td><td>確認しよう</td></tr><tr><td>Imperative 命令形</td><td>確認しろ</td></tr><tr><td>Want to たい形</td><td>確認したい</td></tr><tr><td>Should べき形</td><td>確認すべき</td></tr><tr><th colspan=""2"">Keigo 敬語</th></tr><tr><td>Respectful 尊敬語</td><td>確認なさる</td></tr><tr><td>Humble 謙譲語</td><td>確認いたす</td></tr></table></details>"
簡単な更新です。,Here's a quick update.,更新,簡単【かんたん】な更新【こうしん】です。,Communication - Update,update,"<details class=""conjugation-section""><summary>Conjugations for 更新 (する動詞)</summary><table class=""conjugation-table""><tr><th colspan=""2"">Basic Forms</th></tr><tr><td>Dictionary 辞書形</td><td>更新する</td></tr><tr><td>Polite ます形</td><td>更新します</td></tr><tr><td>Negative ない形</td><td>更新しない</td></tr><tr><td>Te-form て形</td><td>更新して</td></tr><tr><td>Past た形</td><td>更新した</td></tr><tr><th colspan=""2"">Advanced Forms</th></tr><tr><td>Potential 可能形</td><td>更新できる</td></tr><tr><td>Passive 受身形</td><td>更新される</td></tr><tr><td>Causative 使役形</td><td>更新させる</td></tr><tr><td>Caus-Pass 使役受身</td><td>更新させられる</td></tr><tr><td>Conditional 仮定形</td><td>更新すれば</td></tr><tr><td>Conditional たら形</td><td>更新したら</td></tr><tr><td>Volitional 意向形</td><td>更新しよう</td></tr><tr><td>Imperative 命令形</td><td>更新しろ</td></tr><tr><td>Want to たい形</td><td>更新したい</td></tr><tr><td>Should べき形</td><td>更新すべき</td></tr><tr><th colspan=""2"">Keigo 敬語</th></tr><tr><td>Respectful 尊敬語</td><td>更新なさる</td></tr><tr><td>Humble 謙譲語</td><td>更新いたす</td></tr></table></details>"
状況はどうですか？,What's the status?,状況,状況【じょうきょう】はどうですか？,Workflow - Status,situation,
今日は良い進捗が、ありました。,Good progress today.,進捗,今日【きょう】は良【よ】い進捗【しんちょく】が、ありました。,Workflow - Progress,progress,"<details class=""conjugation-section""><summary>Conjugations for 進捗 (する動詞)</summary><table class=""conjugation-table""><tr><th colspan=""2"">Basic Forms</th></tr><tr><td>Dictionary 辞書形</td><td>進捗する</td></tr><tr><td>Polite ます形</td><td>進捗します</td></tr><tr><td>Negative ない形</td><td>進捗しない</td></tr><tr><td>Te-form て形</td><td>進捗して</td></tr><tr><td>Past た形</td><td>進捗した</td></tr><tr><th colspan=""2"">Advanced Forms</th></tr><tr><td>Potential 可能形</td><td>進捗できる</td></tr><tr><td>Passive 受身形</td><td>進捗される</td></tr><tr><td>Causative 使役形</td><td>進捗させる</td></tr><tr><td>Caus-Pass 使役受身</td><td>進捗させられる</td></tr><tr><td>Conditional 仮定形</td><td>進捗すれば</td></tr><tr><td>Conditional たら形</td><td>進捗したら</td></tr><tr><td>Volitional 意向形</td><td>進捗しよう</td></tr><tr><td>Imperative 命令形</td><td>進捗しろ</td></tr><tr><td>Want to たい形</td><td>進捗したい</td></tr><tr><td>Should べき形</td><td>進捗すべき</td></tr><tr><th colspan=""2"">Keigo 敬語</th></tr><tr><td>Respectful 尊敬語</td><td>進捗なさる</td></tr><tr><td>Humble 謙譲語</td><td>進捗いたす</td></tr></table></details>"
報告するブロッカーはありますか？,Any blockers to report?,ブロッカー,報告【ほうこく】するブロッカーはありますか？,Agile - Blocker,blocker,
これで助けが必要です。,I need some help with this.,助け,これで助【たす】けが必要【ひつよう】です。,Communication - Help,help,"<details class=""conjugation-section""><summary>Conjugations for 助け (一段動詞)</summary><table class=""conjugation-table""><tr><th colspan=""2"">Basic Forms</th></tr><tr><td>Dictionary 辞書形</td><td>助ける</td></tr><tr><td>Polite ます形</td><td>助けます</td></tr><tr><td>Negative ない形</td><td>助けない</td></tr><tr><td>Te-form て形</td><td>助けて</td></tr><tr><td>Past た形</td><td>助けた</td></tr><tr><th colspan=""2"">Advanced Forms</th></tr><tr><td>Potential 可能形</td><td>助けられる</td></tr><tr><td>Passive 受身形</td><td>助けられる</td></tr><tr><td>Causative 使役形</td><td>助けさせる</td></tr><tr><td>Caus-Pass 使役受身</td><td>助けさせられる</td></tr><tr><td>Conditional 仮定形</td><td>助ければ</td></tr><tr><td>Conditional たら形</td><td>助けたら</td></tr><tr><td>Volitional 意向形</td><td>助けよう</td></tr><tr><td>Imperative 命令形</td><td>助けろ</td></tr><tr><td>Want to たい形</td><td>助けたい</td></tr><tr><td>Should べき形</td><td>助けるべき</td></tr><tr><th colspan=""2"">Keigo 敬語</th></tr><tr><td>Respectful 尊敬語</td><td>助けられる</td></tr><tr><td>Humble 謙譲語</td><td>お助けする</td></tr></table></details>"
APIについて簡単な質問が、あります。,Quick question about the API.,質問,APIについて簡単【かんたん】な質問【しつもん】が、あります。,Communication - Question,question,"<details class=""conjugation-section""><summary>Conjugations for 質問 (する動詞)</summary><table class=""conjugation-table""><tr><th colspan=""2"">Basic Forms</th></tr><tr><td>Dictionary 辞書形</td><td>質問する</td></tr><tr><td>Polite ます形</td><td>質問します</td></tr><tr><td>Negative ない形</td><td>質問しない</td></tr><tr><td>Te-form て形</td><td>質問して</td></tr><tr><td>Past た形</td><td>質問した</td></tr><tr><th colspan=""2"">Advanced Forms</th></tr><tr><td>Potential 可能形</td><td>質問できる</td></tr><tr><td>Passive 受身形</td><td>質問される</td></tr><tr><td>Causative 使役形</td><td>質問させる</td></tr><tr><td>Caus-Pass 使役受身</td><td>質問させられる</td></tr><tr><td>Conditional 仮定形</td><td>質問すれば</td></tr><tr><td>Conditional たら形</td><td>質問したら</td></tr><tr><td>Volitional 意向形</td><td>質問しよう</td></tr><tr><td>Imperative 命令形</td><td>質問しろ</td></tr><tr><td>Want to たい形</td><td>質問したい</td></tr><tr><td>Should べき形</td><td>質問すべき</td></tr><tr><th colspan=""2"">Keigo 敬語</th></tr><tr><td>Respectful 尊敬語</td><td>質問なさる</td></tr><tr><td>Humble 謙譲語</td><td>質問いたす</td></tr></table></details>"
リクエストが、あります。,I have a request.,リクエスト,リクエストが、あります。,Communication - Request,request,"<details class=""conjugation-section""><summary>Conjugations for リクエスト (する動詞)</summary><table class=""conjugation-table""><tr><th colspan=""2"">Basic Forms</th></tr><tr><td>Dictionary 辞書形</td><td>リクエストする</td></tr><tr><td>Polite ます形</td><td>リクエストします</td></tr><tr><td>Negative ない形</td><td>リクエストしない</td></tr><tr><td>Te-form て形</td><td>リクエストして</td></tr><tr><td>Past た形</td><td>リクエストした</td></tr><tr><th colspan=""2"">Advanced Forms</th></tr><tr><td>Potential 可能形</td><td>リクエストできる</td></tr><tr><td>Passive 受身形</td><td>リクエストされる</td></tr><tr><td>Causative 使役形</td><td>リクエストさせる</td></tr><tr><td>Caus-Pass 使役受身</td><td>リクエストさせられる</td></tr><tr><td>Conditional 仮定形</td><td>リクエストすれば</td></tr><tr><td>Conditional たら形</td><td>リクエストしたら</td></tr><tr><td>Volitional 意向形</td><td>リクエストしよう</td></tr><tr><td>Imperative 命令形</td><td>リクエストしろ</td></tr><tr><td>Want to たい形</td><td>リクエストしたい</td></tr><tr><td>Should べき形</td><td>リクエストすべき</td></tr><tr><th colspan=""2"">Keigo 敬語</th></tr><tr><td>Respectful 尊敬語</td><td>リクエストなさる</td></tr><tr><td>Humble 謙譲語</td><td>リクエストいたす</td></tr></table></details>"
スタンドアップについてのリマインダーです。,Friendly reminder about standup.,リマインダー,スタンドアップについてのリマインダーです。,Communication - Reminder,reminder,
事前のお知らせです。,Just a heads up notice.,お知らせ,事前【じぜん】のお知【し】らせです。,Communication - Notice,heads up/notice,
以下に重要なお知らせが、あります。,Important announcement below.,お知らせ,以下【いか】に重要【じゅうよう】なお知【し】らせが、あります。,Communication - Announcement,heads up/notice,
スレッドで続けてください。,Continue in the thread.,スレッド,スレッドで続【つづ】けてください。,Communication - Thread,thread,
適切なチャンネルに投稿してください。,Post in the right channel.,チャンネル,適切【てきせつ】なチャンネルに投稿【とうこう】してください。,Communication - Channel,channel,
詳細はDMします。,I'll DM you the details.,DM,詳細【しょうさい】はDMします。,Communication - Dm,DM (direct message),
助けが必要なときはメンションしてください。,Mention me if you need help.,メンション,助【たす】けが必要【ひつよう】なときはメンションしてください。,Communication - Mention,mention,
適切な人をタグしてください。,Tag the right people.,タグ,適切【てきせつ】な人【ひと】をタグしてください。,Communication - Tag,tag,
同意なら絵文字でリアクトしてください。,React with emoji if you agree.,リアクト,同意【どうい】なら絵文字【えもじ】でリアクトしてください。,Communication - React,react,
受領を確認してください。,Please acknowledge receipt.,確認,受領【じゅりょう】を確認【かくにん】してください。,Communication - Acknowledgment,confirm/check,"<details class=""conjugation-section""><summary>Conjugations for 確認 (する動詞)</summary><table class=""conjugation-table""><tr><th colspan=""2"">Basic Forms</th></tr><tr><td>Dictionary 辞書形</td><td>確認する</td></tr><tr><td>Polite ます形</td><td>確認します</td></tr><tr><td>Negative ない形</td><td>確認しない</td></tr><tr><td>Te-form て形</td><td>確認して</td></tr><tr><td>Past た形</td><td>確認した</td></tr><tr><th colspan=""2"">Advanced Forms</th></tr><tr><td>Potential 可能形</td><td>確認できる</td></tr><tr><td>Passive 受身形</td><td>確認される</td></tr><tr><td>Causative 使役形</td><td>確認させる</td></tr><tr><td>Caus-Pass 使役受身</td><td>確認させられる</td></tr><tr><td>Conditional 仮定形</td><td>確認すれば</td></tr><tr><td>Conditional たら形</td><td>確認したら</td></tr><tr><td>Volitional 意向形</td><td>確認しよう</td></tr><tr><td>Imperative 命令形</td><td>確認しろ</td></tr><tr><td>Want to たい形</td><td>確認したい</td></tr><tr><td>Should べき形</td><td>確認すべき</td></tr><tr><th colspan=""2"">Keigo 敬語</th></tr><tr><td>Respectful 尊敬語</td><td>確認なさる</td></tr><tr><td>Humble 謙譲語</td><td>確認いたす</td></tr></table></details>"
これが動作するか確認してもらえますか？,Can you confirm this works?,確認,これが動作【どうさ】するか確認【かくにん】してもらえますか？,Communication - Confirmation,confirm/check,"<details class=""conjugation-section""><summary>Conjugations for 確認 (する動詞)</summary><table class=""conjugation-table""><tr><th colspan=""2"">Basic Forms</th></tr><tr><td>Dictionary 辞書形</td><td>確認する</td></tr><tr><td>Polite ます形</td><td>確認します</td></tr><tr><td>Negative ない形</td><td>確認しない</td></tr><tr><td>Te-form て形</td><td>確認して</td></tr><tr><td>Past た形</td><td>確認した</td></tr><tr><th colspan=""2"">Advanced Forms</th></tr><tr><td>Potential 可能形</td><td>確認できる</td></tr><tr><td>Passive 受身形</td><td>確認される</td></tr><tr><td>Causative 使役形</td><td>確認させる</td></tr><tr><td>Caus-Pass 使役受身</td><td>確認させられる</td></tr><tr><td>Conditional 仮定形</td><td>確認すれば</td></tr><tr><td>Conditional たら形</td><td>確認したら</td></tr><tr><td>Volitional 意向形</td><td>確認しよう</td></tr><tr><td>Imperative 命令形</td><td>確認しろ</td></tr><tr><td>Want to たい形</td><td>確認したい</td></tr><tr><td>Should べき形</td><td>確認すべき</td></tr><tr><th colspan=""2"">Keigo 敬語</th></tr><tr><td>Respectful 尊敬語</td><td>確認なさる</td></tr><tr><td>Humble 謙譲語</td><td>確認いたす</td></tr></table></details>"
準備が、できたら承認してください。,Please approve when ready.,承認,準備【じゅんび】が、できたら承認【しょうにん】してください。,Communication - Approval,approve,"<details class=""conjugation-section""><summary>Conjugations for 承認 (する動詞)</summary><table class=""conjugation-table""><tr><th colspan=""2"">Basic Forms</th></tr><tr><td>Dictionary 辞書形</td><td>承認する</td></tr><tr><td>Polite ます形</td><td>承認します</td></tr><tr><td>Negative ない形</td><td>承認しない</td></tr><tr><td>Te-form て形</td><td>承認して</td></tr><tr><td>Past た形</td><td>承認した</td></tr><tr><th colspan=""2"">Advanced Forms</th></tr><tr><td>Potential 可能形</td><td>承認できる</td></tr><tr><td>Passive 受身形</td><td>承認される</td></tr><tr><td>Causative 使役形</td><td>承認させる</td></tr><tr><td>Caus-Pass 使役受身</td><td>承認させられる</td></tr><tr><td>Conditional 仮定形</td><td>承認すれば</td></tr><tr><td>Conditional たら形</td><td>承認したら</td></tr><tr><td>Volitional 意向形</td><td>承認しよう</td></tr><tr><td>Imperative 命令形</td><td>承認しろ</td></tr><tr><td>Want to たい形</td><td>承認したい</td></tr><tr><td>Should べき形</td><td>承認すべき</td></tr><tr><th colspan=""2"">Keigo 敬語</th></tr><tr><td>Respectful 尊敬語</td><td>承認なさる</td></tr><tr><td>Humble 謙譲語</td><td>承認いたす</td></tr></table></details>"
その会議は辞退する必要が、あります。,I need to decline that meeting.,辞退,その会議【かいぎ】は辞退【じたい】する必要【ひつよう】が、あります。,Communication - Decline,decline,"<details class=""conjugation-section""><summary>Conjugations for 辞退 (する動詞)</summary><table class=""conjugation-table""><tr><th colspan=""2"">Basic Forms</th></tr><tr><td>Dictionary 辞書形</td><td>辞退する</td></tr><tr><td>Polite ます形</td><td>辞退します</td></tr><tr><td>Negative ない形</td><td>辞退しない</td></tr><tr><td>Te-form て形</td><td>辞退して</td></tr><tr><td>Past た形</td><td>辞退した</td></tr><tr><th colspan=""2"">Advanced Forms</th></tr><tr><td>Potential 可能形</td><td>辞退できる</td></tr><tr><td>Passive 受身形</td><td>辞退される</td></tr><tr><td>Causative 使役形</td><td>辞退させる</td></tr><tr><td>Caus-Pass 使役受身</td><td>辞退させられる</td></tr><tr><td>Conditional 仮定形</td><td>辞退すれば</td></tr><tr><td>Conditional たら形</td><td>辞退したら</td></tr><tr><td>Volitional 意向形</td><td>辞退しよう</td></tr><tr><td>Imperative 命令形</td><td>辞退しろ</td></tr><tr><td>Want to たい形</td><td>辞退したい</td></tr><tr><td>Should べき形</td><td>辞退すべき</td></tr><tr><th colspan=""2"">Keigo 敬語</th></tr><tr><td>Respectful 尊敬語</td><td>辞退なさる</td></tr><tr><td>Humble 謙譲語</td><td>辞退いたす</td></tr></table></details>"
リスケジュールできますか？,Can we reschedule?,リスケジュール,リスケジュールできますか？,Communication - Schedule,reschedule,
会議はキャンセルされました。,Meeting is cancelled.,キャンセル,会議【かいぎ】はキャンセルされました。,Communication - Cancel,cancel,"<details class=""conjugation-section""><summary>Conjugations for キャンセル (する動詞)</summary><table class=""conjugation-table""><tr><th colspan=""2"">Basic Forms</th></tr><tr><td>Dictionary 辞書形</td><td>キャンセルする</td></tr><tr><td>Polite ます形</td><td>キャンセルします</td></tr><tr><td>Negative ない形</td><td>キャンセルしない</td></tr><tr><td>Te-form て形</td><td>キャンセルして</td></tr><tr><td>Past た形</td><td>キャンセルした</td></tr><tr><th colspan=""2"">Advanced Forms</th></tr><tr><td>Potential 可能形</td><td>キャンセルできる</td></tr><tr><td>Passive 受身形</td><td>キャンセルされる</td></tr><tr><td>Causative 使役形</td><td>キャンセルさせる</td></tr><tr><td>Caus-Pass 使役受身</td><td>キャンセルさせられる</td></tr><tr><td>Conditional 仮定形</td><td>キャンセルすれば</td></tr><tr><td>Conditional たら形</td><td>キャンセルしたら</td></tr><tr><td>Volitional 意向形</td><td>キャンセルしよう</td></tr><tr><td>Imperative 命令形</td><td>キャンセルしろ</td></tr><tr><td>Want to たい形</td><td>キャンセルしたい</td></tr><tr><td>Should べき形</td><td>キャンセルすべき</td></tr><tr><th colspan=""2"">Keigo 敬語</th></tr><tr><td>Respectful 尊敬語</td><td>キャンセルなさる</td></tr><tr><td>Humble 謙譲語</td><td>キャンセルいたす</td></tr></table></details>"
来週まで延期しましょう。,Let's postpone until next week.,延期,来週【らいしゅう】まで延期【えんき】しましょう。,Communication - Schedule,postpone,"<details class=""conjugation-section""><summary>Conjugations for 延期 (する動詞)</summary><table class=""conjugation-table""><tr><th colspan=""2"">Basic Forms</th></tr><tr><td>Dictionary 辞書形</td><td>延期する</td></tr><tr><td>Polite ます形</td><td>延期します</td></tr><tr><td>Negative ない形</td><td>延期しない</td></tr><tr><td>Te-form て形</td><td>延期して</td></tr><tr><td>Past た形</td><td>延期した</td></tr><tr><th colspan=""2"">Advanced Forms</th></tr><tr><td>Potential 可能形</td><td>延期できる</td></tr><tr><td>Passive 受身形</td><td>延期される</td></tr><tr><td>Causative 使役形</td><td>延期させる</td></tr><tr><td>Caus-Pass 使役受身</td><td>延期させられる</td></tr><tr><td>Conditional 仮定形</td><td>延期すれば</td></tr><tr><td>Conditional たら形</td><td>延期したら</td></tr><tr><td>Volitional 意向形</td><td>延期しよう</td></tr><tr><td>Imperative 命令形</td><td>延期しろ</td></tr><tr><td>Want to たい形</td><td>延期したい</td></tr><tr><td>Should べき形</td><td>延期すべき</td></tr><tr><th colspan=""2"">Keigo 敬語</th></tr><tr><td>Respectful 尊敬語</td><td>延期なさる</td></tr><tr><td>Humble 謙譲語</td><td>延期いたす</td></tr></table></details>"
午後2時に空いていますか？,Are you available at 2pm?,空いて,午後【ごご】2時【じ】に空【あ】いていますか？,Communication - Availability,available,"<details class=""conjugation-section""><summary>Conjugations for 空いて (五段動詞)</summary><table class=""conjugation-table""><tr><th colspan=""2"">Basic Forms</th></tr><tr><td>Dictionary 辞書形</td><td>空く</td></tr><tr><td>Polite ます形</td><td>空きます</td></tr><tr><td>Negative ない形</td><td>空かない</td></tr><tr><td>Te-form て形</td><td>空いて</td></tr><tr><td>Past た形</td><td>空いた</td></tr><tr><th colspan=""2"">Advanced Forms</th></tr><tr><td>Potential 可能形</td><td>空ける</td></tr><tr><td>Passive 受身形</td><td>空かれる</td></tr><tr><td>Causative 使役形</td><td>空かせる</td></tr><tr><td>Caus-Pass 使役受身</td><td>空かせられる</td></tr><tr><td>Conditional 仮定形</td><td>空けば</td></tr><tr><td>Conditional たら形</td><td>空いたら</td></tr><tr><td>Volitional 意向形</td><td>空こう</td></tr><tr><td>Imperative 命令形</td><td>空け</td></tr><tr><td>Want to たい形</td><td>空きたい</td></tr><tr><td>Should べき形</td><td>空くべき</td></tr><tr><th colspan=""2"">Keigo 敬語</th></tr><tr><td>Respectful 尊敬語</td><td>空かれる</td></tr><tr><td>Humble 謙譲語</td><td>お空きする</td></tr></table></details>"
午後3時まで忙しいです。,I'm busy until 3pm.,忙しい,午後【ごご】3時【じ】まで忙【いそが】しいです。,Communication - Availability,busy,"<details class=""conjugation-section""><summary>Conjugations for 忙しい (い形容詞)</summary><table class=""conjugation-table""><tr><th colspan=""2"">Basic Forms</th></tr><tr><td>Dictionary 辞書形</td><td>忙しい</td></tr><tr><td>Negative ない形</td><td>忙しくない</td></tr><tr><td>Past た形</td><td>忙しかった</td></tr><tr><td>Past Neg なかった</td><td>忙しくなかった</td></tr><tr><td>Te-form て形</td><td>忙しくて</td></tr><tr><td>Adverbial く形</td><td>忙しく</td></tr></table></details>"
来週の月曜日は休みです。,I'm OOO next Monday.,休み,来週【らいしゅう】の月曜日【げつようび】は休【やす】みです。,Communication - Ooo,break/day off,
金曜日に有給を取ります。,Taking PTO on Friday.,有給,金曜日【きんようび】に有給【ゆうきゅう】を取【と】ります。,Communication - Pto,paid leave,
今日は在宅勤務です。,I'm WFH today.,在宅勤務,今日【きょう】は在宅【ざいたく】勤務【きんむ】です。,Communication - Wfh,WFH,"<details class=""conjugation-section""><summary>Conjugations for 在宅勤務 (する動詞)</summary><table class=""conjugation-table""><tr><th colspan=""2"">Basic Forms</th></tr><tr><td>Dictionary 辞書形</td><td>在宅する</td></tr><tr><td>Polite ます形</td><td>在宅します</td></tr><tr><td>Negative ない形</td><td>在宅しない</td></tr><tr><td>Te-form て形</td><td>在宅して</td></tr><tr><td>Past た形</td><td>在宅した</td></tr><tr><th colspan=""2"">Advanced Forms</th></tr><tr><td>Potential 可能形</td><td>在宅できる</td></tr><tr><td>Passive 受身形</td><td>在宅される</td></tr><tr><td>Causative 使役形</td><td>在宅させる</td></tr><tr><td>Caus-Pass 使役受身</td><td>在宅させられる</td></tr><tr><td>Conditional 仮定形</td><td>在宅すれば</td></tr><tr><td>Conditional たら形</td><td>在宅したら</td></tr><tr><td>Volitional 意向形</td><td>在宅しよう</td></tr><tr><td>Imperative 命令形</td><td>在宅しろ</td></tr><tr><td>Want to たい形</td><td>在宅したい</td></tr><tr><td>Should べき形</td><td>在宅すべき</td></tr><tr><th colspan=""2"">Keigo 敬語</th></tr><tr><td>Respectful 尊敬語</td><td>在宅なさる</td></tr><tr><td>Humble 謙譲語</td><td>在宅いたす</td></tr></table></details>"
今週はリモートで働いています。,Working remote this week.,リモート,今週【こんしゅう】はリモートで働【はたら】いています。,Infrastructure - Remote,remote,
どのタイムゾーンにいますか？,What timezone are you in?,タイムゾーン,どのタイムゾーンにいますか？,Communication - Timezone,timezone,
これは非同期で処理しましょう。,Let's handle this async.,非同期,これは非同期【ひどうき】で処理【しょり】しましょう。,Communication - Async,asynchronous,
簡単な同期コールが必要です。,Need a quick sync call.,同期,簡単【かんたん】な同期【どうき】コールが必要【ひつよう】です。,Communication - Sync,sync,"<details class=""conjugation-section""><summary>Conjugations for 同期 (する動詞)</summary><table class=""conjugation-table""><tr><th colspan=""2"">Basic Forms</th></tr><tr><td>Dictionary 辞書形</td><td>同期する</td></tr><tr><td>Polite ます形</td><td>同期します</td></tr><tr><td>Negative ない形</td><td>同期しない</td></tr><tr><td>Te-form て形</td><td>同期して</td></tr><tr><td>Past た形</td><td>同期した</td></tr><tr><th colspan=""2"">Advanced Forms</th></tr><tr><td>Potential 可能形</td><td>同期できる</td></tr><tr><td>Passive 受身形</td><td>同期される</td></tr><tr><td>Causative 使役形</td><td>同期させる</td></tr><tr><td>Caus-Pass 使役受身</td><td>同期させられる</td></tr><tr><td>Conditional 仮定形</td><td>同期すれば</td></tr><tr><td>Conditional たら形</td><td>同期したら</td></tr><tr><td>Volitional 意向形</td><td>同期しよう</td></tr><tr><td>Imperative 命令形</td><td>同期しろ</td></tr><tr><td>Want to たい形</td><td>同期したい</td></tr><tr><td>Should べき形</td><td>同期すべき</td></tr><tr><th colspan=""2"">Keigo 敬語</th></tr><tr><td>Respectful 尊敬語</td><td>同期なさる</td></tr><tr><td>Humble 謙譲語</td><td>同期いたす</td></tr></table></details>"
会議を飛ばしてSlackを使ってください。,"Skip the meeting, use Slack.",会議,会議【かいぎ】を飛【と】ばしてSlackを使【つか】ってください。,Agile - Meeting,meeting,"<details class=""conjugation-section""><summary>Conjugations for 会議 (する動詞)</summary><table class=""conjugation-table""><tr><th colspan=""2"">Basic Forms</th></tr><tr><td>Dictionary 辞書形</td><td>会議する</td></tr><tr><td>Polite ます形</td><td>会議します</td></tr><tr><td>Negative ない形</td><td>会議しない</td></tr><tr><td>Te-form て形</td><td>会議して</td></tr><tr><td>Past た形</td><td>会議した</td></tr><tr><th colspan=""2"">Advanced Forms</th></tr><tr><td>Potential 可能形</td><td>会議できる</td></tr><tr><td>Passive 受身形</td><td>会議される</td></tr><tr><td>Causative 使役形</td><td>会議させる</td></tr><tr><td>Caus-Pass 使役受身</td><td>会議させられる</td></tr><tr><td>Conditional 仮定形</td><td>会議すれば</td></tr><tr><td>Conditional たら形</td><td>会議したら</td></tr><tr><td>Volitional 意向形</td><td>会議しよう</td></tr><tr><td>Imperative 命令形</td><td>会議しろ</td></tr><tr><td>Want to たい形</td><td>会議したい</td></tr><tr><td>Should べき形</td><td>会議すべき</td></tr><tr><th colspan=""2"">Keigo 敬語</th></tr><tr><td>Respectful 尊敬語</td><td>会議なさる</td></tr><tr><td>Humble 謙譲語</td><td>会議いたす</td></tr></table></details>"
